name,match,synonym(s),cultivar,ipen,metadata (line rest),metadata (next lines),raw
Iris japonica Thunb,1,,,,(Foto: Botanischer Garten der TU Dresden),"['3', 'SAMEN AUS DEM FREILAND DES BOTANISCHEN GARTENS', 'Seeds collected from plants outdoors in the Botanical Garden']",Iris japonica Thunb. (Foto: Botanischer Garten der TU Dresden)
Ruellia humilis Nutt,1,,,US-0-DR-014921,14921 ,[],14921  Ruellia humilis Nutt. US-0-DR-014921
Thunbergia alata,1,,,xx-0-DR-009745,9745 Boj. ex Sims ,[],9745 Thunbergia alata Boj. ex Sims xx-0-DR-009745
Allium acuminatum Hook,1,,,US-0-DR-013666,13666 ,[],13666  Allium acuminatum Hook. US-0-DR-013666
Allium lusitanicum Lam,1,,,DE-0-DR-013608,13608 ,[],13608  Allium lusitanicum Lam. DE-0-DR-013608
Nothoscordum bivalve,1,,,xx-0-DR-010341,10341 (L.) Britt. ,[],10341 Nothoscordum bivalve (L.) Britt. xx-0-DR-010341
Amaranthus caudatus L,1,,,xx-0-DR-004241,4241 ,[],4241 Amaranthus caudatus L. xx-0-DR-004241
Celosia argentea L,1,,,PG-0-DR-003921,3921 ,[],3921  Celosia argentea L. PG-0-DR-003921
Chenopodium vulvaria L,1,,,FR-0-DR-003918,3918 ,[],3918  Chenopodium vulvaria L. FR-0-DR-003918
Dysphania ambrosioides,1,,,IT-0-DR-004373,4373 (L.) Mosyakin et Clemants ,[],4373  Dysphania ambrosioides (L.) Mosyakin et Clemants IT-0-DR-004373
Dysphania anthelmintica,1,,,xx-0-DR-005054,5054 (L.) Mosyakin et Clemants ,[],5054 Dysphania anthelmintica (L.) Mosyakin et Clemants xx-0-DR-005054
Anthericum ramosum L,1,,,DE-0-DR-013962,13962 ,[],13962  Anthericum ramosum L. DE-0-DR-013962
Ammi majus L,1,,,IL-0-DR-011028,11028 ,[],11028  Ammi majus L. IL-0-DR-011028
Bupleurum longiradiatum Turcz,1,,,JP-0-DR-016377,16377 ,[],16377  Bupleurum longiradiatum Turcz. JP-0-DR-016377
Bupleurum rotundifolium L,1,,,DE-0-DR-004035,4035 ,[],4035  Bupleurum rotundifolium L. DE-0-DR-004035
Foeniculum vulgare Mill,1,,,xx-0-DR-004269,4269 ,[],4269 Foeniculum vulgare Mill. xx-0-DR-004269
Tordylium maximum L,1,,,DE-0-DR-016527,16527 ,[],16527  Tordylium maximum L. DE-0-DR-016527
Calla palustris L,1,,,DE-0-DR-005798,5798 ,[],5798  Calla palustris L. DE-0-DR-005798
Aralia chinensis L,1,,,xx-0-DR-001851,1851 ,[],1851 Aralia chinensis L. xx-0-DR-001851
Eleutherococcus henryi Oliv,1,,,xx-0-DR-003197,3197 ,[],3197 Eleutherococcus henryi Oliv. xx-0-DR-003197
Aristolochia clematitis L,1,,,HU-0-DR-010726,10726 ,[],10726  Aristolochia clematitis L. HU-0-DR-010726
Aristolochia rotunda L,1,,,xx-0-DR-012234,12234 ,['4'],12234 Aristolochia rotunda L. xx-0-DR-012234
Aster amellus L,1,,,DE-0-DR-007942,7942 ,[],7942  Aster amellus L. DE-0-DR-007942
Centaurea solstitialis L,1,,,xx-0-DR-002089,2089 ,[],2089 Centaurea solstitialis L. xx-0-DR-002089
Coleostephus myconis L Cass,1,,,FR-0-DR-016451,16451 ,[],16451  Coleostephus myconis (L.) Cass. FR-0-DR-016451
Crepis rubra L,1,,,xx-0-DR-004260,4260 ,[],4260 Crepis rubra L. xx-0-DR-004260
Echinacea purpurea L Moench,1,,,xx-0-DR-007541,7541 ,[],7541 Echinacea purpurea (L.) Moench xx-0-DR-007541
Gaillardia pulchella Foug,1,,,US-0-DR-009747,9747 ,[],9747  Gaillardia pulchella Foug. US-0-DR-009747
Grindelia integrifolia DC,1,,,US-0-DR-011382,11382 ,[],11382  Grindelia integrifolia DC. US-0-DR-011382
Helenium amarum Raf H Rock,1,,,US-0-DR-003368,3368 ,[],3368  Helenium amarum (Raf.) H. Rock US-0-DR-003368
Helenium aromaticum,1,,,CL-0-DR-012924,12924 (Hook.) L.H. Bailey ,[],12924  Helenium aromaticum (Hook.) L.H. Bailey CL-0-DR-012924
Helenium puberulum DC,1,,,xx-0-DR-004255,4255 ,[],4255 Helenium puberulum DC. xx-0-DR-004255
Hypochaeris glabra,1,,,DE-0-DR-006280,6280 ,[],6280 Hypochaeris glabra DE-0-DR-006280
Lindheimera texana A Gray,1,,,xx-0-DR-004251,4251 et Engelm. ,[],4251 Lindheimera texana A. Gray et Engelm. xx-0-DR-004251
Melampodium divaricatum Rich DC,1,,,xx-0-DR-004264,4264 ,[],4264 Melampodium divaricatum (Rich.) DC. xx-0-DR-004264
Notobasis syriaca L Cass,1,,,ES-0-DR-013440,13440 ,[],13440  Notobasis syriaca (L.) Cass. ES-0-DR-013440
Sanvitalia procumbens Lam,1,,,MX-0-DR-003367,3367 ,[],3367  Sanvitalia procumbens Lam. MX-0-DR-003367
Silybum marianum L Gaertn,1,,,PT-0-DR-004267,4267 ,[],4267  Silybum marianum (L.) Gaertn. PT-0-DR-004267
Tagetes lucida Cav,1,,,xx-0-DR-004236,4236 ,[],4236 Tagetes lucida Cav. xx-0-DR-004236
Tagetes tenuifolia Cav,1,,,xx-0-DR-004235,4235 ,[],4235 Tagetes tenuifolia Cav. xx-0-DR-004235
Tanacetum corymbosum,1,,,DE-0-DR-017163,17163 (L.) Schultz-Bip. ,[],17163  Tanacetum corymbosum (L.) Schultz-Bip. DE-0-DR-017163
Tithonia rotundifolia,1,,,xx-0-DR-004234,4234 (Mill.) S.F. Blake ,[],4234 Tithonia rotundifolia (Mill.) S.F. Blake xx-0-DR-004234
Tripteris vaillantii Decne,1,,,xx-0-DR-009468,9468 ,[],9468 Tripteris vaillantii Decne. xx-0-DR-009468
Volutaria muricata L Maire,1,,,xx-0-DR-013809,13809 ,[],13809 Volutaria muricata (L.) Maire xx-0-DR-013809
Xanthisma texanum DC,1,,,DE-0-DR-004233,4233 var. drummondii (Torr. et A.Gray) A.Gray ,[],4233 Xanthisma texanum DC. var. drummondii (Torr. et A.Gray) A.Gray DE-0-DR-004233
Xeranthemum annuum L,1,,,xx-0-DR-002098,2098 ,[],2098 Xeranthemum annuum L. xx-0-DR-002098
Xeranthemum cylindraceum,1,,,RO-0-DR-011378,11378 Sibth. et Sm. ,[],11378  Xeranthemum cylindraceum Sibth. et Sm. RO-0-DR-011378
Zinnia angustifolia,1,,,MX-0-DR-004230,"4230 Humb., Bonpl. et Kunth ",[],"4230  Zinnia angustifolia Humb., Bonpl. et Kunth MX-0-DR-004230"
Zinnia peruviana L L,1,,,MX-0-DR-012377,12377 ,[],12377  Zinnia peruviana (L.) L. MX-0-DR-012377
Jeffersonia diphylla L Pers,1,,,xx-0-DR-004203,4203 ,[],4203 Jeffersonia diphylla (L.) Pers. xx-0-DR-004203
Echium creticum L,1,,,xx-0-DR-006716,6716 ,[],6716 Echium creticum L. xx-0-DR-006716
Phacelia viscida Benth ex Lindl Torr,1,,,xx-0-DR-011907,11907 ,[],11907 Phacelia viscida (Benth. ex Lindl.) Torr. xx-0-DR-011907
Calycanthus chinensis,1,,,CN-0-DR-001293,1293 (W.C. Cheng et S.Y. Chang) P.T. Li ,[],1293  Calycanthus chinensis (W.C. Cheng et S.Y. Chang) P.T. Li CN-0-DR-001293
Campanula rhomboidalis L,1,,,FR-0-DR-003825,3825 ,[],3825  Campanula rhomboidalis L. FR-0-DR-003825
Cleome spinosa Jacq,1,,,xx-0-DR-009685,9685 ,[],9685 Cleome spinosa Jacq. xx-0-DR-009685
Heptacodium miconioides,1,,,xx-0-DR-003418,3418 Rehd. ,[],3418 Heptacodium miconioides Rehd. xx-0-DR-003418
Lonicera caucasica Pall,1,,,xx-0-DR-005944,5944 ,[],5944 Lonicera caucasica Pall. xx-0-DR-005944
Lonicera ferdinandii Franch,1,,,xx-0-DR-004634,4634 ,['5'],4634 Lonicera ferdinandii Franch. xx-0-DR-004634
Agrostemma githago L,1,,,DE-0-DR-016570,16570 ,[],16570  Agrostemma githago L. DE-0-DR-016570
Dianthus amurensis Jacq,1,,,RU-0-DR-006862,6862 ,[],6862  Dianthus amurensis Jacq. RU-0-DR-006862
Dianthus superbus L,1,,,DE-0-DR-001767,1767 ,[],1767  Dianthus superbus L. DE-0-DR-001767
Gypsophila elegans M Bieb,1,,,xx-0-DR-003916,3916 ,[],3916 Gypsophila elegans M. Bieb. xx-0-DR-003916
Saponaria calabrica Guss,1,,,xx-0-DR-002075,2075 ,[],2075 Saponaria calabrica Guss. xx-0-DR-002075
Silene multifida Adams Rohrb,1,,,GE-0-DR-018040,18040 ,[],18040  Silene multifida (Adams) Rohrb. GE-0-DR-018040
Silene noctiflora L,1,,,xx-0-DR-009467,9467 ,[],9467 Silene noctiflora L. xx-0-DR-009467
Vaccaria hispanica Mill Rauschert,1,,,DE-0-DR-004039,4039 ,[],4039  Vaccaria hispanica (Mill.) Rauschert DE-0-DR-004039
Cistus laurifolius L,1,,,xx-0-DR-004197,4197 ,[],4197 Cistus laurifolius L. xx-0-DR-004197
Helianthemum nummularium L Mill,1,,,DE-0-DR-004209,4209 ssp. obscurum (Čelak.) ,['Holub'],4209  Helianthemum nummularium (L.) Mill. ssp. obscurum (Čelak.)  DE-0-DR-004209
Helianthemum salicifolium L Mill,1,,,RO-0-DR-008827,8827 ,[],8827  Helianthemum salicifolium (L.) Mill. RO-0-DR-008827
Disporum uniflorum Baker,1,,,xx-0-DR-013858,13858 ex S. Moore ,[],13858 Disporum uniflorum Baker ex S. Moore xx-0-DR-013858
Tinantia erecta,1,,,MX-0-DR-003782,3782 (Jacq.) Schlechtend. ,[],3782  Tinantia erecta (Jacq.) Schlechtend. MX-0-DR-003782
Convolvulus tricolor L,1,,,PT-0-DR-009752,9752 ,[],9752  Convolvulus tricolor L. PT-0-DR-009752
Ipomoea coccinea L,1,,,xx-0-DR-001848,1848 ,[],1848 Ipomoea coccinea L. xx-0-DR-001848
Ipomoea hederacea L Jacq,1,,,xx-0-DR-003914,3914 ,[],3914 Ipomoea hederacea (L.) Jacq. xx-0-DR-003914
Ipomoea hederifolia L,1,,,xx-0-DR-001847,1847 ,[],1847 Ipomoea hederifolia L. xx-0-DR-001847
Ipomoea purpurea L Roth,1,,,xx-0-DR-003267,3267 ,[],3267 Ipomoea purpurea (L.) Roth xx-0-DR-003267
Ipomoea tricolor Cav,1,,,xx-0-DR-004177,4177 ,[],4177 Ipomoea tricolor Cav. xx-0-DR-004177
Juniperus communis L,1,,,DE-0-DR-010194,10194 ,[],10194  Juniperus communis L. DE-0-DR-010194
Cyperus eragrostis Lam,1,,,IT-0-DR-013458,13458 ,[],13458  Cyperus eragrostis Lam. IT-0-DR-013458
Schoenoplectus triqueter L Palla,1,,,xx-0-DR-002359,2359 ,[],2359 Schoenoplectus triqueter (L.) Palla xx-0-DR-002359
Scabiosa prolifera L,1,,,IL-0-DR-008484,8484 ,[],8484  Scabiosa prolifera L. IL-0-DR-008484
Erica spiculifolia Salisb,1,,,RO-0-DR-001489,1489 ,[],1489  Erica spiculifolia Salisb. RO-0-DR-001489
Eucommia ulmoides Oliv,1,,,xx-0-DR-004989,4989 ,[],4989 Eucommia ulmoides Oliv. xx-0-DR-004989
Euphorbia marginata Pursh,1,,,xx-0-DR-004179,4179 ,[],4179 Euphorbia marginata Pursh xx-0-DR-004179
Ricinus communis L,1,,,xx-0-DR-003371,3371 (rotlaubig) ,['6'],3371 Ricinus communis L. (rotlaubig) xx-0-DR-003371
Astragalus onobrychis L,1,,,AT-0-WU-0021025,17534 ,[],17534  Astragalus onobrychis L. AT-0-WU-0021025
Glycine max L Merr,1,,,RU-0-DR-001571,1571 ssp. soja (Sieb. et Zucc.) H. Ohashi ,[],1571  Glycine max (L.) Merr. ssp. soja (Sieb. et Zucc.) H. Ohashi RU-0-DR-001571
Lablab purpureus L Sweet,1,,,xx-0-DR-009755,9755 ,[],9755 Lablab purpureus (L.) Sweet xx-0-DR-009755
Lathyrus rotundifolius Willd,1,,,UA-0-DR-003464,3464 ,[],3464  Lathyrus rotundifolius Willd. UA-0-DR-003464
Ononis natrix L,1,,,xx-0-DR-017597,17597 ,[],17597 Ononis natrix L. xx-0-DR-017597
Senna hebecarpa,1,,,xx-0-DR-010508,10508 (Fern.) Irwin et Barneby ,[],10508 Senna hebecarpa (Fern.) Irwin et Barneby xx-0-DR-010508
Vicia pisiformis L,1,,,CZ-0-DR-008359,8359 ,[],8359  Vicia pisiformis L. CZ-0-DR-008359
Erodium castellanum Pau Guitt,1,,,xx-0-DR-010411,10411 ,[],10411 Erodium castellanum (Pau) Guitt. xx-0-DR-010411
Ramonda myconi L Rchb,1,,,xx-0-DR-003074,3074 ,[],3074 Ramonda myconi (L.) Rchb. xx-0-DR-003074
Ribes rubrum L,1,,,DE-0-DR-013099,13099 ,[],13099  Ribes rubrum L. DE-0-DR-013099
Ornithogalum viridiflorum,1,,,xx-0-DR-006811,6811 (I. Verd.) J.C. Manning et Goldblatt ,[],6811 Ornithogalum viridiflorum (I. Verd.) J.C. Manning et Goldblatt xx-0-DR-006811
Prospero autumnale L Speta,1,,,xx-0-DR-001026,1026 ,[],1026 Prospero autumnale (L.) Speta xx-0-DR-001026
Hypericum coris L,1,,,xx-0-DR-000881,881 ,[],881 Hypericum coris L. xx-0-DR-000881
Hypericum orientale L,1,,,TR-0-DR-013247,13247 ,[],13247  Hypericum orientale L. TR-0-DR-013247
Amethystea caerulea L,1,,,xx-0-DR-004229,4229 ,[],4229 Amethystea caerulea L. xx-0-DR-004229
Dracocephalum moldavica L,1,,,xx-0-DR-002101,2101 ,[],2101 Dracocephalum moldavica L. xx-0-DR-002101
Leonotis nepetifolia,1,,,ZA-0-DR-010138,10138 (L.) R. Br. ,[],10138  Leonotis nepetifolia (L.) R. Br. ZA-0-DR-010138
Leonurus sibiricus L,1,,,xx-0-DR-004687,4687 ,[],4687 Leonurus sibiricus L. xx-0-DR-004687
Salvia pratensis L,1,,,DE-0-DR-001261,1261 ,[],1261  Salvia pratensis L. DE-0-DR-001261
Salvia tomentosa Mill,1,,,GR-0-DR-006728,6728 ,[],6728  Salvia tomentosa Mill. GR-0-DR-006728
Salvia viridis L,1,,,xx-0-DR-002093,2093 var. comata Heldr. ,[],2093 Salvia viridis L. var. comata Heldr. xx-0-DR-002093
Scutellaria albida L,1,,,UA-0-DR-013049,13049 ,[],13049  Scutellaria albida L. UA-0-DR-013049
Teucrium hircanicum L,1,,,IR-0-P-2016g113,18041 ,[],18041  Teucrium hircanicum L. IR-0-P-2016g113
Akebia quinata Houtt Decne,1,,,xx-0-DR-012179,12179 ,[],12179 Akebia quinata (Houtt.) Decne. xx-0-DR-012179
Aosa rupestris Gardner Weigend,1,,,BR-0-ULM-2010-G-40,18107 ,[],18107  Aosa rupestris (Gardner) Weigend BR-0-ULM-2010-G-40
Blumenbachia hieronymi,1,,,xx-0-DR-008829,8829 Urban ,[],8829 Blumenbachia hieronymi Urban xx-0-DR-008829
Blumenbachia insignis Schrad,1,,,xx-0-DR-008828,8828 ,[],8828 Blumenbachia insignis Schrad. xx-0-DR-008828
Caiophora lateritia,1,,,xx-0-DR-00897,8972 (Hook. f.) Klotzsch ,[],8972 Caiophora lateritia (Hook. f.) Klotzsch xx-0-DR-00897
Lythrum virgatum L,1,,,HU-0-DR-007162,7162 ,[],7162  Lythrum virgatum L. HU-0-DR-007162
Magnolia virginiana L,1,,,xx-0-DR-007209,7209 ,['7'],7209 Magnolia virginiana L. xx-0-DR-007209
Abelmoschus manihot L Medik,1,,,xx-0-DR-004116,4116 ,[],4116 Abelmoschus manihot (L.) Medik. xx-0-DR-004116
Abutilon theophrasti Medik,1,,,RO-0-DR-004115,4115 ,[],4115  Abutilon theophrasti Medik. RO-0-DR-004115
Hibiscus moscheutos L,1,,,US-0-DR-013008,13008 ssp. palustris (L.) R.T. Clausen ,[],13008  Hibiscus moscheutos L. ssp. palustris (L.) R.T. Clausen US-0-DR-013008
Hibiscus trionum L,1,,,BE-0-DR-004117,4117 ,[],4117  Hibiscus trionum L. BE-0-DR-004117
Lavatera trimestris L,1,,,PT-0-DR-006281,6281 ,[],6281  Lavatera trimestris L. PT-0-DR-006281
Malope trifida Cav,1,,,xx-0-DR-001290,1290 ,[],1290 Malope trifida Cav. xx-0-DR-001290
Modiola caroliniana L G Don,1,,,xx-0-DR-008967,8967 ,[],8967 Modiola caroliniana (L.) G. Don xx-0-DR-008967
Ibicella lutea,1,,,xx-0-DR-004119,4119 (Lindl.) Van Eseltine ,[],4119 Ibicella lutea (Lindl.) Van Eseltine xx-0-DR-004119
Proboscidea fragrans Lindl Decne,1,,,xx-0-DR-004120,4120 ,[],4120 Proboscidea fragrans (Lindl.) Decne. xx-0-DR-004120
Helonias bullata L,1,,,xx-0-DR-001798,1798 ,[],1798 Helonias bullata L. xx-0-DR-001798
Menispermum canadense L,1,,,CA-0-DR-011481,11481 ,[],11481  Menispermum canadense L. CA-0-DR-011481
Mirabilis jalapa L,1,,,MX-0-DR-004122,4122 ,[],4122  Mirabilis jalapa L. MX-0-DR-004122
Mirabilis longiflora L,1,,,xx-0-DR-004121,4121 ,[],4121 Mirabilis longiflora L. xx-0-DR-004121
Mirabilis viscosa Cav,1,,,xx-0-DR-001572,1572 ,[],1572 Mirabilis viscosa Cav. xx-0-DR-001572
Clarkia amoena,1,,,US-0-DR-013482,13482 (Lehm.) A. Nelson et J.F. Macbr. ,[],13482  Clarkia amoena (Lehm.) A. Nelson et J.F. Macbr. US-0-DR-013482
Clarkia pulchella Pursh,1,,,xx-0-DR-004123,4123 ,[],4123 Clarkia pulchella Pursh xx-0-DR-004123
Clarkia unguiculata Lindl,1,,,US-0-DR-006892,6892 ,[],6892  Clarkia unguiculata Lindl. US-0-DR-006892
Oenothera kunthiana Spach Munz,1,,,xx-0-DR-003797,3797 ,[],3797 Oenothera kunthiana (Spach) Munz xx-0-DR-003797
Oenothera lindheimeri,1,,,xx-0-DR-013487,13487 (Engelm. et A. Gray) W.L. Wagner et Hoch ,[],13487 Oenothera lindheimeri (Engelm. et A. Gray) W.L. Wagner et Hoch xx-0-DR-013487
Oenothera rosea LHr ex Aiton,1,,,CL-0-DR-011027,11027 ,[],11027  Oenothera rosea L'Hér. ex Aiton CL-0-DR-011027
Oenothera tetraptera Cav,1,,,PE-0-DR-004701,4701 ,[],4701  Oenothera tetraptera Cav. PE-0-DR-004701
Oxalis lasiandra Zucc,1,,,xx-0-DR-004127,4127 ,[],4127 Oxalis lasiandra Zucc. xx-0-DR-004127
Oxalis triangularis A StHil,1,,,xx-0-DR-000668,668 ,[],668 Oxalis triangularis A. St.-Hil. xx-0-DR-000668
Dicranostigma franchetianum Prain Fedde,1,,,xx-0-DR-004136,4136 ,[],4136 Dicranostigma franchetianum (Prain) Fedde xx-0-DR-004136
Eschscholzia californica Cham,1,,,BE-0-DR-003892,3892 ,[],3892  Eschscholzia californica Cham. BE-0-DR-003892
Glaucium flavum Crantz,1,,,GR-0-DR-004990,4990 ,[],4990  Glaucium flavum Crantz GR-0-DR-004990
Macleaya cordata Willd R Br,1,,,JP-0-DR-007577,7577 ,[],7577  Macleaya cordata (Willd.) R. Br. JP-0-DR-007577
Passiflora gracilis,1,,,xx-0-DR-007168,7168 J. Jacq. ex Link ,[],7168 Passiflora gracilis J. Jacq. ex Link xx-0-DR-007168
Penthorum sedoides L,1,,,CA-0-DR-013916,13916 ,[],13916  Penthorum sedoides L. CA-0-DR-013916
Digitalis ferruginea L,1,,,TR-0-DR-016382,16382 ,[],16382  Digitalis ferruginea L. TR-0-DR-016382
Penstemon barbatus Cav Roth,1,,,US-0-DR-014196,14196 var. torreyi (Benth.) A. Gray ,['8'],14196  Penstemon barbatus (Cav.) Roth var. torreyi (Benth.) A. Gray US-0-DR-014196
Bouteloua curtipendula Michx Torr,1,,,US-0-DR-008599,8599 ,[],8599  Bouteloua curtipendula (Michx.) Torr. US-0-DR-008599
Bouteloua gracilis,1,,,xx-0-DR-007177,"7177 (Humb., Bonpl. et Kunth) Lag. ex Griffiths ",[],"7177 Bouteloua gracilis (Humb., Bonpl. et Kunth) Lag. ex Griffiths xx-0-DR-007177"
Buchloe dactyloides Nutt Engelm,1,,,xx-0-DR-007955,7955 ,[],7955 Buchloe dactyloides (Nutt.) Engelm. xx-0-DR-007955
Eragrostis trichodes,1,,,xx-0-DR-007959,7959 (Nutt.) Alph. Wood ,[],7959 Eragrostis trichodes (Nutt.) Alph. Wood xx-0-DR-007959
Festuca valesiaca Schleich ex Gaudin,1,,,DE-0-DR-016556,16556 ,[],16556  Festuca valesiaca Schleich. ex Gaudin DE-0-DR-016556
Koeleria vallesiana Honck Gaudin,1,,,CH-0-DR-002263,2263 ,[],2263  Koeleria vallesiana (Honck.) Gaudin CH-0-DR-002263
Melica transsilvanica Schur,1,,,DE-0-DR-013963,13963 ,[],13963  Melica transsilvanica Schur DE-0-DR-013963
Panicum maximum Jacq,1,,,ZA-0-DR-004140,4140 ,[],4140  Panicum maximum Jacq. ZA-0-DR-004140
Phleum phleoides,1,,,DE-0-DR-016818,16818 (L.) H. Karst. ,[],16818  Phleum phleoides (L.) H. Karst. DE-0-DR-016818
Schizachyrium scoparium Michx Nash,1,,,US-0-DR-008034,8034 ,[],8034  Schizachyrium scoparium (Michx.) Nash US-0-DR-008034
Persicaria orientalis L Spach,1,,,xx-0-DR-002096,2096 ,[],2096 Persicaria orientalis (L.) Spach xx-0-DR-002096
Clematis heracleifolia DC,1,,,KR-0-DR-007462,7462 var. urticifolia (Nakai ex Kitag.) U.C. La ,[],7462  Clematis heracleifolia DC. var. urticifolia (Nakai ex Kitag.) U.C. La KR-0-DR-007462
Clematis integrifolia L,1,,,RU-0-DR-004069,4069 ,[],4069  Clematis integrifolia L. RU-0-DR-004069
Clematis recta L,1,,,DE-0-DR-010050,10050 ,[],10050  Clematis recta L. DE-0-DR-010050
Clematis serratifolia Rehder,1,,,RU-0-DR-010369,10369 ,[],10369  Clematis serratifolia Rehder RU-0-DR-010369
Eranthis hyemalis L Salisb,1,,,xx-0-DR-004704,4704 ,[],4704 Eranthis hyemalis (L.) Salisb. xx-0-DR-004704
Reseda alba L,1,,,IT-0-DR-001570,1570 ,[],1570  Reseda alba L. IT-0-DR-001570
Reseda lutea L,1,,,FR-0-DR-000531,531 ,[],531  Reseda lutea L. FR-0-DR-000531
Hovenia dulcis Thunb,1,,,xx-0-DR-005733,5733 ,[],5733 Hovenia dulcis Thunb. xx-0-DR-005733
Chaenomeles speciosa Sweet Nakai,1,,,xx-0-DR-004703,4703 ,[],4703 Chaenomeles speciosa (Sweet) Nakai xx-0-DR-004703
Drymocallis fissa Nutt Rydb,1,,,US-0-DR-006698,6698 ,[],6698  Drymocallis fissa (Nutt.) Rydb. US-0-DR-006698
Drymocallis rupestris L Sojk,1,,,DE-0-DR-017275,17275 ,[],17275  Drymocallis rupestris (L.) Soják DE-0-DR-017275
Prinsepia uniflora Batalin,1,,,xx-0-DR-002274,2274 ,[],2274 Prinsepia uniflora Batalin xx-0-DR-002274
Sorbus domestica L,1,,,xx-0-DR-005638,5638 ,[],5638 Sorbus domestica L. xx-0-DR-005638
Asperula orientalis,1,,,xx-0-DR-006719,6719 Boiss. et Hohen. ,[],6719 Asperula orientalis Boiss. et Hohen. xx-0-DR-006719
Paederia scandens Lour Merr,1,,,JP-0-DR-007269,7269 var. mairei (Lev.) Hara ,[],7269  Paederia scandens (Lour.) Merr. var. mairei (Lev.) Hara JP-0-DR-007269
Phellodendron amurense Rupr,1,,,xx-0-DR-003012,3012 ,[],3012 Phellodendron amurense Rupr. xx-0-DR-003012
Zanthoxylum simulans Hance,1,,,xx-0-DR-001836,1836 ,[],1836 Zanthoxylum simulans Hance xx-0-DR-001836
Idesia polycarpa Maxim,1,,,xx-0-DR-017447,17447 ,[],17447 Idesia polycarpa Maxim. xx-0-DR-017447
Hyoscyamus albus L,1,,,ES-0-DR-004086,4086 ,[],4086  Hyoscyamus albus L. ES-0-DR-004086
Jaltomata procumbens,1,,,xx-0-DR-001844,1844 (Cav.) J.L. Gentry ,[],1844 Jaltomata procumbens (Cav.) J.L. Gentry xx-0-DR-001844
Petunia axillaris,1,,,xx-0-DR-004104,"4104 (Lam.) Britton, Sterns et Poggenb. ",[],"4104 Petunia axillaris (Lam.) Britton, Sterns et Poggenb. xx-0-DR-004104"
Petunia integrifolia,1,,,PY-0-DR-004105,4105 (Hook.) Schinz et Thell. ,[],4105  Petunia integrifolia (Hook.) Schinz et Thell. PY-0-DR-004105
Solanum aethiopicum L,1,,,xx-0-DR-001859,1859 ,[],1859 Solanum aethiopicum L. xx-0-DR-001859
Solanum citrullifolium A Braun,1,,,xx-0-DR-010702,10702 ,[],10702 Solanum citrullifolium A. Braun xx-0-DR-010702
Daphne oleoides Schreb,1,,,FR-0-DR-001146,1146 ,[],1146  Daphne oleoides Schreb. FR-0-DR-001146
Paris quadrifolia L,1,,,DE-0-DR-010524,10524 ,[],10524  Paris quadrifolia L. DE-0-DR-010524
Urtica pilulifera L,1,,,TR-0-DR-004656,4656 ,[],4656  Urtica pilulifera L. TR-0-DR-004656
Callicarpa japonica Thunb,1,,,JP-0-DR-000467,467 ,[],467  Callicarpa japonica Thunb. JP-0-DR-000467
Verbena bonariensis L,1,,,IT-0-DR-006595,6595 ,[],6595  Verbena bonariensis L. IT-0-DR-006595
Verbena stricta Vent,1,,,US-0-DR-013824,13824 ,[],13824  Verbena stricta Vent. US-0-DR-013824
Viola canadensis L,1,,,xx-0-DR-004220,4220 ,"['10', 'SAMEN AUS DEN GEWÄCHSHÄUSERN DES BOTANISCHEN GARTENS', 'Seeds collected in the greenhouses of the Botanical Garden']",4220 Viola canadensis L. xx-0-DR-004220
Pseuderanthemum alatum Nees Radlk,1,,,xx-0-DR-001700,1700 ,[],1700 Pseuderanthemum alatum (Nees) Radlk. xx-0-DR-001700
Schaueria flavicoma,1,,,xx-0-DR-004736,4736 (Lindl.) N.E. Br. ,[],4736 Schaueria flavicoma (Lindl.) N.E. Br. xx-0-DR-004736
Lithops salicola L Bolus,1,,,xx-0-DR-004732,4732 ,[],4732 Lithops salicola L. Bolus xx-0-DR-004732
Arthropodium cirrhatum,1,,,xx-0-DR-005033,5033 (G. Forst.) R. Br. ,[],5033 Arthropodium cirrhatum (G. Forst.) R. Br. xx-0-DR-005033
Mandevilla laxa,1,,,xx-0-DR-011376,11376 (Ruiz et Pav.) Woodson ,[],11376 Mandevilla laxa (Ruiz et Pav.) Woodson xx-0-DR-011376
Rauvolfia tetraphylla L,1,,,xx-0-DR-001635,1635 ,[],1635 Rauvolfia tetraphylla L. xx-0-DR-001635
Saruma henryi Oliv,1,,,TW-0-HEID-100796,15115 ,[],15115  Saruma henryi Oliv. TW-0-HEID-100796
Berkheya purpurea,1,,,ZA-0-U-2005BL01021,15218 (DC.) Mast. ,[],15218  Berkheya purpurea (DC.) Mast. ZA-0-U-2005BL01021
Senecio barbertonicus Klatt,1,,,xx-0-DR-008194,8194 ,[],8194 Senecio barbertonicus Klatt xx-0-DR-008194
Tecoma fulva,1,,,AR-0-DR-014113,14113 (Cav.) D. Don ssp. garrocha (Hieron.) J.R.I. Wood ,[],14113  Tecoma fulva (Cav.) D. Don ssp. garrocha (Hieron.) J.R.I. Wood AR-0-DR-014113
Echinocactus grusonii Hildm,1,,,xx-0-DR-004809,4809 ,[],4809 Echinocactus grusonii Hildm. xx-0-DR-004809
Echinopsis crassicaulis,1,,,xx-0-DR-005024,5024 (R. Kiesling) H. Friedrich et Glaetzle ,[],5024  Echinopsis crassicaulis (R. Kiesling) H. Friedrich et Glaetzle xx-0-DR-005024
Echinopsis thelegona,1,,,AR-0-DR-010571,10571 (Web.) Friedrich et G.D. Rowley ,[],10571  Echinopsis thelegona (Web.) Friedrich et G.D. Rowley AR-0-DR-010571
Neobuxbaumia euphorbioides Buxb,1,,,xx-0-DR-004917,4917 ,[],4917 Neobuxbaumia euphorbioides Buxb. xx-0-DR-004917
Parodia magnifica,1,,,xx-0-DR-009776,9776 (F. Ritter) F.H. Brandt ,[],9776  Parodia magnifica (F. Ritter) F.H. Brandt xx-0-DR-009776
Parodia mammulosa Lem NP Taylor,1,,,xx-0-DR-011595,11595 ,[],11595 Parodia mammulosa (Lem.) N.P. Taylor xx-0-DR-011595
Pilosocereus leucocephalus,1,,,xx-0-DR-006574,6574 (Poselg.) R.S. Byles et G.D. Rowl. ,[],6574 Pilosocereus leucocephalus (Poselg.) R.S. Byles et G.D. Rowl. xx-0-DR-006574
Selenicereus grandiflorus,1,,,xx-0-DR-008170,8170 (L.) Britt. et Rose ,[],8170 Selenicereus grandiflorus (L.) Britt. et Rose xx-0-DR-008170
Azorina vidalii,1,,,xx-0-DATH-2831,17611 (H.C. Watson) Feer ,[],17611 Azorina vidalii (H.C. Watson) Feer xx-0-DATH-2831
Canarina canariensis L Vatke,1,,,ES-0-DR-000574,574 ,[],574  Canarina canariensis (L.) Vatke ES-0-DR-000574
Iphigenia robusta Baker,1,,,MG-0-DR-017621,17621 ,['11'],17621  Iphigenia robusta Baker MG-0-DR-017621
Ipomoea nil L Roth,1,,,xx-0-DR-003913,3913 ,[],3913 Ipomoea nil (L.) Roth xx-0-DR-003913
Cornus capitata Wall,1,,,xx-0-DR-000729,729 ,[],729 Cornus capitata Wall. xx-0-DR-000729
Davidsonia pruriens,1,,,xx-0-DR-015574,15574 F. Muell. ,[],15574 Davidsonia pruriens F. Muell. xx-0-DR-015574
Dionaea muscipula Ellis,1,,,US-0-DR-014394,14394 ,[],14394  Dionaea muscipula Ellis US-0-DR-014394
Dalechampia spathulata Scheidw Baill,1,,,xx-0-DR-001690,1690 ,[],1690 Dalechampia spathulata (Scheidw.) Baill. xx-0-DR-001690
Jatropha multifida L,1,,,xx-0-DR-017772,17772 ,[],17772 Jatropha multifida L. xx-0-DR-017772
Acacia longifolia Andrews Willd,1,,,AU-0-DR-014135,14135 ,[],14135  Acacia longifolia (Andrews) Willd. AU-0-DR-014135
Clitoria ternatea L,1,,,xx-0-DR-016166,16166 ,[],16166 Clitoria ternatea L. xx-0-DR-016166
Neptunia plena L Benth,1,,,xx-0-DR-004754,4754 ,[],4754 Neptunia plena (L.) Benth. xx-0-DR-004754
Psoralea glandulosa L,1,,,CL-0-DR-013685,13685 ,[],13685  Psoralea glandulosa L. CL-0-DR-013685
Frankenia laevis L,1,,,xx-0-DR-008494,8494 ,[],8494 Frankenia laevis L. xx-0-DR-008494
Rhynchoglossum gardneri,1,,,xx-0-DR-004708,4708 W.L. Theob. et Gruppe ,[],4708 Rhynchoglossum gardneri W.L. Theob. et Gruppe xx-0-DR-004708
Hydrolea spinosa L,1,,,xx-0-STGAL-43/1999,15302 ,[],15302 Hydrolea spinosa L. xx-0-STGAL-43/1999
Gladiolus tristis L,1,,,xx-0-DR-017244,17244 ,[],17244 Gladiolus tristis L. xx-0-DR-017244
Lapeirousia jacquinii,1,,,xx-0-DR-017358,17358 N.E. Br. ,[],17358  Lapeirousia jacquinii N.E. Br. xx-0-DR-017358
Moraea britteniae,1,,,xx-0-DR-017355,17355 (L. Bolus) Goldblatt ,[],17355 Moraea britteniae (L. Bolus) Goldblatt xx-0-DR-017355
Moraea pendula Goldblatt Goldblatt,1,,,xx-0-DR-017351,17351 ,[],17351  Moraea pendula (Goldblatt) Goldblatt xx-0-DR-017351
Neolitsea sericea Blume Koidz,1,,,JP-0-DR-014065,14065 ,[],14065  Neolitsea sericea (Blume) Koidz. JP-0-DR-014065
Eucnide bartonioides Zucc,1,,,xx-0-DR-013902,13902 ,[],13902 Eucnide bartonioides Zucc. xx-0-DR-013902
Monolena primuliflora Hook,1,,,EC-0-DR-001330,1330 f. ,[],1330  Monolena primuliflora Hook. f. EC-0-DR-001330
Turraea heterophylla Sm,1,,,xx-0-DR-003233,3233 ,['12'],3233 Turraea heterophylla Sm. xx-0-DR-003233
Fuchsia decidua Standl,1,,,MX-0-TUEB-396,17303 ,[],17303  Fuchsia decidua  Standl. MX-0-TUEB-396
Argemone rosea Hook,1,,,CL-0-DR-010468,10468 ,[],10468  Argemone rosea Hook. CL-0-DR-010468
Passiflora herbertiana KerGawl,1,,,AU-0-DR-007206,7206 ,[],7206  Passiflora herbertiana Ker-Gawl. AU-0-DR-007206
Hilleria latifolia Lam H Walter,1,,,xx-0-DR-015216,15216 ,[],15216 Hilleria latifolia (Lam.) H. Walter xx-0-DR-015216
Roridula gorgonias Planch,1,,,xx-0-DR-016911,16911 ,[],16911 Roridula gorgonias Planch. xx-0-DR-016911
Dermatobotrys saundersii,1,,,xx-0-DR-017776,17776 H. Bol. ,[],17776 Dermatobotrys saundersii H. Bol. xx-0-DR-017776
Simmondsia chinensis Link CK Schneid,1,,,xx-0-DR-008166,8166 ,[],8166 Simmondsia chinensis (Link) C.K. Schneid. xx-0-DR-008166
Tacca chantrieri Andr,1,,,xx-0-DR-003260,3260 é ,[],3260 Tacca chantrieri André xx-0-DR-003260
Tacca plantaginea Hance Drenth,1,,,xx-0-DR-014176,14176 ,[],14176 Tacca plantaginea (Hance) Drenth xx-0-DR-014176
Cyphostemma juttae,1,,,xx-0-DR-004739,4739 (Dinter et Gilg) Desc. ,[],4739 Cyphostemma juttae (Dinter et Gilg) Desc. xx-0-DR-004739
Aframomum daniellii,1,,,xx-0-DR-001872,1872 (Hook. f.) K. Schum. ,[],1872 Aframomum daniellii (Hook. f.) K. Schum. xx-0-DR-001872
Globba marantina L,1,,,xx-0-DR-011567,11567 ,[],11567 Globba marantina L. xx-0-DR-011567
Hedychium coccineum BuchHam ex Sm,1,,,xx-0-DR-004737,4737 ,[],4737 Hedychium coccineum Buch.-Ham. ex Sm. xx-0-DR-004737
Hedychium horsfieldii,1,,,xx-0-DR-004738,4738 R. Br. ex Wall. ,"['13', 'SAMEN VON WILDSTANDORTEN', 'Seeds collected in the wild', 'Graines collectionées dans la nature']",4738 Hedychium horsfieldii R. Br. ex Wall. xx-0-DR-004738
Arum maculatum L,1,,,DE-0-DR-018052,18052 ,"['Deutschland, Nordrhein-Westfalen, Minden, Wald am Verbindungskanal', 'Nord nahe der Schachtschleuse, 52°18´27.1´´ N, 8°55´09.1´´ O (B.D.)']",18052  Arum maculatum L. DE-0-DR-018052
Tragopogon dubius Scop,1,,,DE-0-DR-018109,18109 ssp. major (Jacq.) Vollm. ,"['Deutschland, Sachsen, Pratzschwitz, Ortslage, Wiese, 50°58´28´´ N,', '13°53´43´´ O (K.M.)']",18109  Tragopogon dubius Scop. ssp. major (Jacq.) Vollm. DE-0-DR-018109
Plantago maritima L,1,,,DE-0-DR-018108,18108 ,"['Deutschland, Niedersachsen, Cuxhaven, Strand, 53°52´650´´ N,', '8°41´060´´ O (E.G., C.P.)', 'Sammler / collectors:', 'B.D. B. Ditsch', 'E.G. E. Göbel']",18108  Plantago maritima L. DE-0-DR-018108
